title	id	description	bbox	start_date	end_date	group_id	container	storage_account	keywords	providers	license	link	variables	dimensions	assets
10m Annual Land Use Land Cover (9-class)	io-lulc-9-class	Global land cover information with 9 classes for for 2017-2022 at 10m resolution	-180, -90, 180, 90	2017-01-01	2023-01-01	io-land-cover	io-lulc	ai4edataeuwest	Global, Land Cover, Land Use, Sentinel	Esri, Impact Observatory, Microsoft	CC-BY-4.0	https://planetarycomputer.microsoft.com/api/stac/v1/collections/io-lulc-9-class			data
ALOS Forest/Non-Forest Annual Mosaic	alos-fnf-mosaic	"Global 25m resolution map classifying ""forest"" and ""non-forest"" landcover."	-180.0, 85.0, 180.0, -56.0	2015-01-01	2020-12-31		palsar	https://pceo.blob.core.windows.net/	ALOS, JAXA, Forest, Land Cover, Global	Japan Aerospace Exploration Agency, Development Seed, Microsoft Planetary Computer	proprietary	https://planetarycomputer.microsoft.com/api/stac/v1/collections/alos-fnf-mosaic			C
ALOS PALSAR Annual Mosaic	alos-palsar-mosaic	Global 25m resolution SAR image mosaic.	-180.0, 85.0, 180.0, -56.0	2015-01-01	2021-12-31		palsar	https://pceo.blob.core.windows.net/	ALOS, JAXA, Remote Sensing, Global	Japan Aerospace Exploration Agency, Development Seed, Microsoft Planetary Computer	proprietary	https://planetarycomputer.microsoft.com/api/stac/v1/collections/alos-palsar-mosaic			HH, HV, VH, VV, date, mask, linci, metadata
ALOS World 3D-30m	alos-dem	ALOS World 3D is a global digital surface model (DSM) with a horizontal resolution of approximately 30 meters, constructed from the Panchromatic Remote-sensing Instrument for Stereo Mapping (PRISM) on board Advanced Land Observing Satellite (ALOS).	-180, -90, 180, 90	2016-12-07	2016-12-07		alos-dem	ai4edataeuwest	ALOS, PRISM, JAXA, DEM, DSM, Elevation	Japan Aerospace Exploration Agency, OpenTopography, Microsoft	proprietary	https://planetarycomputer.microsoft.com/api/stac/v1/collections/alos-dem			data
ASTER L1T	aster-l1t	The ASTER instrument, launched on-board NASA's Terra satellite in 1999, provides multispectral images of the Earth at 15m-90m resolution.  This dataset contains ASTER data from 2000-2006.	-180, -90, 180, 90	2000-03-04	2006-12-31		aster	astersa	ASTER, USGS, NASA, Satellite, Global	NASA, USGS, Microsoft	proprietary	https://planetarycomputer.microsoft.com/api/stac/v1/collections/aster-l1t			TIR, xml, SWIR, VNIR, qa-txt, qa-browse, tir-browse, vnir-browse
Biodiversity Intactness	io-biodiversity	Global terrestrial biodiversity intactness at 100m resolution for years 2017-2020	-180, -90, 180, 90	2017-01-01	2020-12-31		impact	pcdata01euw	Global, Biodiversity	Impact Observatory, Vizzuality, Microsoft	CC-BY-4.0	https://planetarycomputer.microsoft.com/api/stac/v1/collections/io-biodiversity			data
C-CAP Regional Land Cover and Change	noaa-c-cap	Periodic coastal landcover classifications back to 1975	-160.315986, 17.892786, -64.966857, 49.471148	1975-01-01	2016-12-31		noaa-c-cap	ai4edataeuwest	Land Cover, Land Use, NOAA, Coastal	National Oceanic and Atmospheric Administration, Office for Coastal Management, Microsoft	proprietary	https://planetarycomputer.microsoft.com/api/stac/v1/collections/noaa-c-cap			data, metadata
CIL Global Downscaled Projections for Climate Impacts Research (CC-BY-4.0)	cil-gdpcir-cc-by	Climate Impact Lab Global Downscaled Projections for Climate Impacts Research (CC-BY-4.0)	-180, -90, 180, 90	1950-01-01	2100-12-31	cil-gdpcir	cil-gdpcir	rhgeuwest	CMIP6, Climate Impact Lab, Rhodium Group, Precipitation, Temperature	Climate Impact Lab, Microsoft	CC-BY-4.0	https://planetarycomputer.microsoft.com/api/stac/v1/collections/cil-gdpcir-cc-by	pr, tasmax, tasmin	lat, lon, time	pr, tasmax, tasmin
CIL Global Downscaled Projections for Climate Impacts Research (CC-BY-SA-4.0)	cil-gdpcir-cc-by-sa	Climate Impact Lab Global Downscaled Projections for Climate Impacts Research (CC-BY-SA-4.0)	-180, -90, 180, 90	1950-01-01	2100-12-31	cil-gdpcir	cil-gdpcir	rhgeuwest	CMIP6, Climate Impact Lab, Rhodium Group, Precipitation, Temperature	Climate Impact Lab, Microsoft	CC-BY-SA-4.0	https://planetarycomputer.microsoft.com/api/stac/v1/collections/cil-gdpcir-cc-by-sa	pr, tasmax, tasmin	lat, lon, time	pr, tasmax, tasmin
CIL Global Downscaled Projections for Climate Impacts Research (CC0-1.0)	cil-gdpcir-cc0	Climate Impact Lab Global Downscaled Projections for Climate Impacts Research (CC0-1.0)	-180, -90, 180, 90	1950-01-01	2100-12-31	cil-gdpcir	cil-gdpcir	rhgeuwest	CMIP6, Climate Impact Lab, Rhodium Group, Precipitation, Temperature	Climate Impact Lab, Microsoft	CC0-1.0	https://planetarycomputer.microsoft.com/api/stac/v1/collections/cil-gdpcir-cc0	pr, tasmax, tasmin	lat, lon, time	pr, tasmax, tasmin
Chesapeake Land Cover (13-class)	chesapeake-lc-13	Chesapeake Bay Watershed land cover product with 13 classes at 1m resolution.	-81.14658496196135, 36.21291717905733, -73.27357561029186, 44.77821441524524	2013-01-01	2014-12-31	chesapeake-lulc	chesapeake	landcoverdata	Land Cover, Chesapeake Bay Watershed, Chesapeake Conservancy	Chesapeake Conservancy Conservation Innovation Center, Microsoft	proprietary	https://planetarycomputer.microsoft.com/api/stac/v1/collections/chesapeake-lc-13			data
Chesapeake Land Cover (7-class)	chesapeake-lc-7	Chesapeake Bay Watershed land cover product with 7 classes at 1m resolution.	-81.14658496196135, 36.21291717905733, -73.27357561029186, 44.77821441524524	2013-01-01	2014-12-31	chesapeake-lulc	chesapeake	landcoverdata	Land Cover, Chesapeake Bay Watershed, Chesapeake Conservancy	Chesapeake Conservancy Conservation Innovation Center, Microsoft	proprietary	https://planetarycomputer.microsoft.com/api/stac/v1/collections/chesapeake-lc-7			data
Chesapeake Land Use	chesapeake-lu	Chesapeake Bay Watershed land use product with 17 classes at 1m resolution.	-81.14648244566828, 36.18730972451623, -73.11082086653798, 44.7781991560751	2013-01-01	2014-12-31	chesapeake-lulc	chesapeake	landcoverdata	Land Use, Chesapeake Bay Watershed, Chesapeake Conservancy	Chesapeake Conservancy Conservation Innovation Center, Microsoft	proprietary	https://planetarycomputer.microsoft.com/api/stac/v1/collections/chesapeake-lu			data
Chloris Biomass	chloris-biomass	The Chloris Global Biomass 2003 - 2019 dataset provides estimates of stock and change in aboveground biomass for Earth's terrestrial woody vegetation ecosystems during the period 2003 - 2019, at annual time steps. The global dataset has a circa 4.6 km spatial resolution.	-179.95, -60, 179.95, 90	2003-07-31	2019-07-31		chloris-biomass	ai4edataeuwest	Chloris, Biomass, MODIS, Carbon	Chloris, Microsoft	CC-BY-NC-SA-4.0	https://planetarycomputer.microsoft.com/api/stac/v1/collections/chloris-biomass			biomass, biomass_wm, biomass_change, biomass_change_wm
Copernicus DEM GLO-30	cop-dem-glo-30	Copernicus DEM 30 is a near-global digital surface model (DSM) with a horizontal resolution of approximately 30 meters, derived from radar satellite data acquired during the TanDEM-X mission.	-180, -90, 180, 90	2021-04-22	2021-04-22	copernicus-dem	copernicus-dem-stac	elevationeuwest	Copernicus, DEM, DSM, Elevation	European Space Agency, Sinergise, OpenTopography, Microsoft	proprietary	https://planetarycomputer.microsoft.com/api/stac/v1/collections/cop-dem-glo-30			data
Copernicus DEM GLO-90	cop-dem-glo-90	Copernicus DEM 90 is a near-global digital surface model (DSM) with a horizontal resolution of approximately 90 meters, derived from radar satellite data acquired during the TanDEM-X mission.	-180, -90, 180, 90	2021-04-22	2021-04-22	copernicus-dem	copernicus-dem-stac	elevationeuwest	Copernicus, DEM, Elevation	European Space Agency, Sinergise, OpenTopography, Microsoft	proprietary	https://planetarycomputer.microsoft.com/api/stac/v1/collections/cop-dem-glo-90			data
Daymet Annual Hawaii	daymet-annual-hi	Annual climate summaries on a 1-km grid for Hawaii	-160.3056, 17.9539, -154.772, 23.5186	1980-07-01	2020-07-01	daymet	daymet-zarr	daymeteuwest	Daymet, Hawaii, Temperature, Precipitation, Vapor Pressure, Climate	Microsoft, ORNL DAAC	proprietary	https://planetarycomputer.microsoft.com/api/stac/v1/collections/daymet-annual-hi	vp, lat, lon, swe, prcp, tmax, tmin, time_bnds, lambert_conformal_conic	x, y, nv, time	
Daymet Annual North America	daymet-annual-na	Annual climate summaries on a 1-km grid for North America	-178.1333, 14.0749, -53.0567, 82.9143	1980-07-01	2020-07-01	daymet	daymet-zarr	daymeteuwest	Daymet, North America, Temperature, Precipitation, Vapor Pressure, Climate	Microsoft, ORNL DAAC	proprietary	https://planetarycomputer.microsoft.com/api/stac/v1/collections/daymet-annual-na	vp, lat, lon, swe, prcp, tmax, tmin, time_bnds, lambert_conformal_conic	x, y, nv, time	
Daymet Annual Puerto Rico	daymet-annual-pr	Annual climate summaries on a 1-km grid for Puerto Rico	-67.9927, 16.8444, -64.1196, 19.9382	1980-07-01	2020-07-01	daymet	daymet-zarr	daymeteuwest	Daymet, Puerto Rico, Temperature, Precipitation, Vapor Pressure, Climate	Microsoft, ORNL DAAC	proprietary	https://planetarycomputer.microsoft.com/api/stac/v1/collections/daymet-annual-pr	vp, lat, lon, swe, prcp, tmax, tmin, time_bnds, lambert_conformal_conic	x, y, nv, time	
Daymet Daily Hawaii	daymet-daily-hi	Daily surface weather data on a 1-km grid for Hawaii	-160.3056, 17.9539, -154.772, 23.5186	1980-01-01	2020-12-30	daymet	daymet-zarr	daymeteuwest	Daymet, Hawaii, Temperature, Precipitation, Vapor Pressure, Weather	Microsoft, ORNL DAAC	proprietary	https://planetarycomputer.microsoft.com/api/stac/v1/collections/daymet-daily-hi	vp, lat, lon, swe, dayl, prcp, srad, tmax, tmin, yearday, time_bnds, lambert_conformal_conic	x, y, nv, time	
Daymet Daily North America	daymet-daily-na	Daily surface weather data on a 1-km grid for North America	-178.1333, 14.0749, -53.0567, 82.9143	1980-01-01	2020-12-30	daymet	daymet-zarr	daymeteuwest	Daymet, North America, Temperature, Precipitation, Vapor Pressure, Weather	Microsoft, ORNL DAAC	proprietary	https://planetarycomputer.microsoft.com/api/stac/v1/collections/daymet-daily-na	vp, lat, lon, swe, dayl, prcp, srad, tmax, tmin, yearday, time_bnds, lambert_conformal_conic	x, y, nv, time	
Daymet Daily Puerto Rico	daymet-daily-pr	Daily surface weather data on a 1-km grid for Puerto Rico	-67.9927, 16.8444, -64.1196, 19.9382	1980-01-01	2020-12-30	daymet	daymet-zarr	daymeteuwest	Daymet, Puerto Rico, Temperature, Precipitation, Vapor Pressure, Weather	Microsoft, ORNL DAAC	proprietary	https://planetarycomputer.microsoft.com/api/stac/v1/collections/daymet-daily-pr	vp, lat, lon, swe, dayl, prcp, srad, tmax, tmin, yearday, time_bnds, lambert_conformal_conic	x, y, nv, time	
Daymet Monthly Hawaii	daymet-monthly-hi	Monthly climate summaries on a 1-km grid for Hawaii	-160.3056, 17.9539, -154.772, 23.5186	1980-01-16	2020-12-16	daymet	daymet-zarr	daymeteuwest	Daymet, Hawaii, Temperature, Precipitation, Vapor Pressure, Climate	Microsoft, ORNL DAAC	proprietary	https://planetarycomputer.microsoft.com/api/stac/v1/collections/daymet-monthly-hi	vp, lat, lon, swe, prcp, tmax, tmin, time_bnds, lambert_conformal_conic	x, y, nv, time	
Daymet Monthly North America	daymet-monthly-na	Monthly climate summaries on a 1-km grid for North America	-178.1333, 14.0749, -53.0567, 82.9143	1980-01-16	2020-12-16	daymet	daymet-zarr	daymeteuwest	Daymet, North America, Temperature, Precipitation, Vapor Pressure, Climate	Microsoft, ORNL DAAC	proprietary	https://planetarycomputer.microsoft.com/api/stac/v1/collections/daymet-monthly-na	vp, lat, lon, swe, prcp, tmax, tmin, time_bnds, lambert_conformal_conic	x, y, nv, time	
Daymet Monthly Puerto Rico	daymet-monthly-pr	Monthly climate summaries on a 1-km grid for Puerto Rico	-67.9927, 16.8444, -64.1196, 19.9382	1980-01-16	2020-12-16	daymet	daymet-zarr	daymeteuwest	Daymet, Puerto Rico, Temperature, Precipitation, Vapor Pressure, Climate	Microsoft, ORNL DAAC	proprietary	https://planetarycomputer.microsoft.com/api/stac/v1/collections/daymet-monthly-pr	vp, lat, lon, swe, prcp, tmax, tmin, time_bnds, lambert_conformal_conic	x, y, nv, time	
Deltares Global Flood Maps	deltares-floods	Global estimates of coastal inundation under various sea level rise conditions and return periods.	-180.0, 90.0, 180.0, -90.0	2018-01-01	2018-12-31		floods	deltaresfloodssa	Deltares, Flood, Sea level rise, Water, Global	Deltares, Microsoft	CDLA-Permissive-1.0	https://planetarycomputer.microsoft.com/api/stac/v1/collections/deltares-floods	inun, projection	lat, lon, time	data, index
Deltares Global Water Availability	deltares-water-availability	Historical daily reservoir variations.	-180.0, 90.0, 180.0, -90.0	1970-01-01	2020-12-31		reservoirs	deltaresreservoirssa	Deltares, Water availability, Reservoir, Water, Precipitation	Deltares, Microsoft	CDLA-Permissive-1.0	https://planetarycomputer.microsoft.com/api/stac/v1/collections/deltares-water-availability	P, ETa, PET, Melt, Snow, Temp, P_res, S_res, Ea_res, Qin_res, FracFull, Qout_res, latitude, longitude	time, GrandID, ksathorfrac	data, index
Denver Regional Council of Governments Land Use Land Cover	drcog-lulc	2018 and 2020 Land Use/Land Cover classification of the Denver, Colorado region.	-105.93962510864995, 39.10438697007073, -103.66801443832743, 40.320593119647256	2018-01-01	2020-12-31		drcog-lulc	landcoverdata	Land Cover, Land Use, NAIP, USDA	Denver Regional Council of Governments, Microsoft	proprietary	https://planetarycomputer.microsoft.com/api/stac/v1/collections/drcog-lulc			data
ECMWF Open Data (real-time)	ecmwf-forecast	ECMWF Open Data (Real Time) forecasts	-180.0, 90.0, 180.0, -90.0				ecmwf	ai4edatauewest	ECMWF, forecast, weather	ECMWF	CC-BY-4.0	https://planetarycomputer.microsoft.com/api/stac/v1/collections/ecmwf-forecast			data, index
ERA5 - PDS	era5-pds	A comprehensive reanalysis, which assimilates as many observations as possible in the upper air and near surface.	-180, -90, 180, 90	1979-01-01			era5	cpdataeuwest	ERA5, ECMWF, Precipitation, Temperature, Reanalysis, Weather	ECMWF, Planet OS, Microsoft	proprietary	https://planetarycomputer.microsoft.com/api/stac/v1/collections/era5-pds	time1_bounds, surface_air_pressure, sea_surface_temperature, eastward_wind_at_10_metres, air_temperature_at_2_metres, eastward_wind_at_100_metres, northward_wind_at_10_metres, northward_wind_at_100_metres, air_pressure_at_mean_sea_level, dew_point_temperature_at_2_metres, precipitation_amount_1hour_Accumulation, air_temperature_at_2_metres_1hour_Maximum, air_temperature_at_2_metres_1hour_Minimum, integral_wrt_time_of_surface_direct_downwelling_shortwave_flux_in_air_1hour_Accumulation	lat, lon, time	surface_air_pressure, sea_surface_temperature, eastward_wind_at_10_metres, air_temperature_at_2_metres, eastward_wind_at_100_metres, northward_wind_at_10_metres, northward_wind_at_100_metres, air_pressure_at_mean_sea_level, dew_point_temperature_at_2_metres, precipitation_amount_1hour_Accumulation, air_temperature_at_2_metres_1hour_Maximum, air_temperature_at_2_metres_1hour_Minimum, integral_wrt_time_of_surface_direct_downwelling_shortwave_flux_in_air_1hour_Accumulation
ESA Climate Change Initiative Land Cover Maps (Cloud Optimized GeoTIFF)	esa-cci-lc	Tiled ESA CCI global land cover maps in COG format	-180.0, -90.0, 180.0, 90.0	1992-01-01	2020-12-31	esa-cci-lc	esa-cci-lc	landcoverdata	Land Cover, ESA, CCI, Global	VITO, UCLouvain, Brockmann Consult, ESA Climate Change Initiative, Copernicus, Microsoft	proprietary	https://planetarycomputer.microsoft.com/api/stac/v1/collections/esa-cci-lc			lccs_class, change_count, processed_flag, observation_count, current_pixel_state
ESA Climate Change Initiative Land Cover Maps (NetCDF)	esa-cci-lc-netcdf	ESA CCI global land cover maps in NetCDF format	-180.0, -90.0, 180.0, 90.0	1992-01-01	2020-12-31	esa-cci-lc	esa-cci-lc	landcoverdata	Land Cover, ESA, CCI, Global	VITO, UCLouvain, Brockmann Consult, ESA Climate Change Initiative, Copernicus, Microsoft	proprietary	https://planetarycomputer.microsoft.com/api/stac/v1/collections/esa-cci-lc-netcdf			netcdf
ESA WorldCover	esa-worldcover	Global land cover product at 10 meter resolution based on Sentinel-1 and Sentinel-2 data	-180.0, -60.0, 180.0, 82.75	2020-01-01	2021-12-31		esa-worldcover	ai4edataeuwest	Global, Land Cover, Sentinel, ESA	ESA, ESA WorldCover Consortium, Microsoft	CC-BY-4.0	https://planetarycomputer.microsoft.com/api/stac/v1/collections/esa-worldcover			map, input_quality
Earth Exchange Global Daily Downscaled Projections (NEX-GDDP-CMIP6)	nasa-nex-gddp-cmip6	['Global downscaled climate scenarios derived from the General Circulation Model conducted under CMIP6.']	-180, -90, 180, 90	1950-01-01	2100-12-31		nex-gddp-cmip6	nasagddp	CMIP6, NASA, Climate, Humidity, Precipitation, Temperature	NASA NEX, Microsoft	proprietary	https://planetarycomputer.microsoft.com/api/stac/v1/collections/nasa-nex-gddp-cmip6	pr, tas, hurs, huss, rlds, rsds, tasmax, tasmin, sfcWind	lat, lon, time	pr, tas, hurs, huss, rlds, rsds, tasmax, tasmin, sfcWind
Esri 10-Meter Land Cover (10-class)	io-lulc	Global land cover information for 2020 at 10m resolution	-180, -90, 180, 90	2017-01-01	2021-01-01	io-land-cover	io-lulc	ai4edataeuwest	Global, Land Cover, Land Use, Sentinel	Esri, Impact Observatory, Microsoft	CC-BY-4.0	https://planetarycomputer.microsoft.com/api/stac/v1/collections/io-lulc			data
FWS National Wetlands Inventory	fws-nwi	Vector dataset containing wetlands boundaries and identification across the United States.	-64.54958, 13.16667, 144.6, 71.99633	2022-10-01	2022-10-01		fws-nwi	ai4edataeuwest	USFWS, Wetlands, United States	U.S. Fish and Wildlife Service, Microsoft	proprietary	https://planetarycomputer.microsoft.com/api/stac/v1/collections/fws-nwi			zip
Forest Inventory and Analysis	fia	Status and trends on U.S. forest location, health, growth, mortality, and production, from the U.S. Forest Service's Forest Inventory and Analysis (FIA) program	138.06, 0.92, 163.05, 9.78	2020-06-01			cpdata	cpdataeuwest	Forest, Species, Carbon, Biomass, USDA, Forest Service	Forest Inventory & Analysis, CarbonPlan, Microsoft	CC0-1.0	https://planetarycomputer.microsoft.com/api/stac/v1/collections/fia			data
GOES-R Cloud & Moisture Imagery	goes-cmi	High temporal cadence cloud and moisture imagery over the Western Hemisphere from the Advanced Baseline Imager (ABI) instrument.	-180.0, -81.33, 6.3, 81.33	2017-02-28		goes	noaa-goes-cogs	goeseuwest	GOES, NOAA, NASA, Satellite, Cloud, Moisture	NASA, NOAA, Microsoft	proprietary	https://planetarycomputer.microsoft.com/api/stac/v1/collections/goes-cmi			C01_1km, C01_2km, C02_2km, C03_1km, C03_2km, C04_2km, C05_1km, C05_2km, C06_2km, C07_2km, C08_2km, C09_2km, C10_2km, C11_2km, C12_2km, C13_2km, C14_2km, C15_2km, C16_2km, MCMIP-nc, C02_0.5km, C01_2km_wm, C02_2km_wm, C03_2km_wm, C01_DQF_1km, C01_DQF_2km, C02_DQF_2km, C03_DQF_1km, C03_DQF_2km, C04_DQF_2km, C05_DQF_1km, C05_DQF_2km, C06_DQF_2km, C07_DQF_2km, C08_DQF_2km, C09_DQF_2km, C10_DQF_2km, C11_DQF_2km, C12_DQF_2km, C13_DQF_2km, C14_DQF_2km, C15_DQF_2km, C16_DQF_2km, CMIP_C01-nc, CMIP_C02-nc, CMIP_C03-nc, CMIP_C04-nc, CMIP_C05-nc, CMIP_C06-nc, CMIP_C07-nc, CMIP_C08-nc, CMIP_C09-nc, CMIP_C10-nc, CMIP_C11-nc, CMIP_C12-nc, CMIP_C13-nc, CMIP_C14-nc, CMIP_C15-nc, CMIP_C16-nc, C02_DQF_0.5km
GOES-R Lightning Detection	goes-glm	Continuous lightning detection over the Western Hemisphere from the Geostationary Lightning Mapper (GLM) instrument.	-180.0, -66.56, -8.44, 66.56	2018-02-13		goes	noaa-goes-geoparquet	goeseuwest	GOES, NOAA, NASA, Satellite, Lightning, Weather	NASA, NOAA, Microsoft	proprietary	https://planetarycomputer.microsoft.com/api/stac/v1/collections/goes-glm			netcdf, geoparquet_events, geoparquet_groups, geoparquet_flashes
GPM IMERG	gpm-imerg-hhr	The Integrated Multi-satellitE Retrievals for GPM (IMERG) algorithm combines information from the GPM satellite constellation to estimate precipitation over the majority of the Earth's surface.	-180, -90, 180, 90	2000-06-01	2021-05-31		imerg	ai4edataeuwest	IMERG, GPM, Precipitation	Development Seed, Microsoft, NASA	proprietary	https://planetarycomputer.microsoft.com/api/stac/v1/collections/gpm-imerg-hhr	lat_bnds, lon_bnds, time_bnds, randomError, HQprecipSource, HQprecipitation, IRprecipitation, precipitationCal, HQobservationTime, precipitationUncal, IRkalmanFilterWeight, precipitationQualityIndex, probabilityLiquidPrecipitation	lat, lon, time	
Global Biodiversity Information Facility (GBIF)	gbif	Global biodiversity observation records, documenting over 1.6 billion species occurrences	-180, -90, 180, 90	2021-04-13			gbif	ai4edataeuwest	GBIF, Biodiversity, Species	Global Biodiversity Information Facility, Microsoft	proprietary	https://planetarycomputer.microsoft.com/api/stac/v1/collections/gbif			data
Global Ocean Heat Content CDR	noaa-cdr-ocean-heat-content	The Ocean Heat Content Climate Data Record (CDR) is a set of ocean heat content anomaly (OHCA) time-series for 1955-present on 3-monthly, yearly, and pentadal (five-yearly) scales.	-180.0, -90.0, 180.0, 90.0	1972-03-01	2022-03-31	noaa-cdr	ocean-heat-content	noaacdr	Global, Climate, NOAA, Temperature, Ocean	National Centers for Environmental Information, Microsoft	proprietary	https://planetarycomputer.microsoft.com/api/stac/v1/collections/noaa-cdr-ocean-heat-content			heat_content, mean_salinity, mean_temperature, mean_halosteric_sea_level, mean_thermosteric_sea_level, mean_total_steric_sea_level
Global Ocean Heat Content CDR NetCDFs	noaa-cdr-ocean-heat-content-netcdf	The Ocean Heat Content Climate Data Record (CDR) is a set of ocean heat content anomaly (OHCA) time-series for 1955-present on 3-monthly, yearly, and pentadal (five-yearly) scales.	-180.0, -90.0, 180.0, 90.0	1972-03-01	2022-03-31	noaa-cdr	ocean-heat-content	noaacdr	Global, Climate, NOAA, Temperature, Ocean	National Centers for Environmental Information, Microsoft	proprietary	https://planetarycomputer.microsoft.com/api/stac/v1/collections/noaa-cdr-ocean-heat-content-netcdf			netcdf
Gnatsgo Soil Database - Rasters	gnatsgo-rasters	Raster data for the gridded National Soil Survey Geographic Database (gNATSGO), a USDA-NRCS Soil & Plant Science Division (SPSD) composite database that provides complete coverage of the best available soils information for all areas of the United States and Island Territories.	-170.8513, -14.3799, -169.4152, -14.1432	2020-07-01	2020-07-01	gnatsgo	gnatsgo-stac	soils	Soils, NATSGO, SSURGO, STATSGO2, RSS, USDA, United States	United States Department of Agriculture, Natural Resources Conservation Service, Microsoft	CC0-1.0	https://planetarycomputer.microsoft.com/api/stac/v1/collections/gnatsgo-rasters			mukey, aws0_5, soc0_5, tk0_5a, tk0_5s, aws0_20, aws0_30, aws5_20, soc0_20, soc0_30, soc5_20, tk0_20a, tk0_20s, tk0_30a, tk0_30s, tk5_20a, tk5_20s, aws0_100, aws0_150, aws0_999, aws20_50, droughty, nccpi3sg, soc0_100, soc0_150, soc0_999, soc20_50, tk0_100a, tk0_100s, tk0_150a, tk0_150s, tk0_999a, tk0_999s, tk20_50a, tk20_50s, aws50_100, musumcpct, nccpi3all, nccpi3cot, nccpi3soy, pwsl1pomu, rootznaws, rootznemc, soc50_100, tk50_100a, tk50_100s, aws100_150, aws150_999, musumcpcta, musumcpcts, nccpi3corn, pctearthmc, soc100_150, soc150_999, tk100_150a, tk100_150s, tk150_999a, tk150_999s
Gnatsgo Soil Database - Tables	gnatsgo-tables	The gridded National Soil Survey Geographic Database (gNATSGO) is a USDA-NRCS Soil & Plant Science Division (SPSD) composite database that provides complete coverage of the best available soils information for all areas of the United States and Island Territories.	-170.8513, -14.3799, -169.4152, -14.1432	2020-07-01	2020-07-01	gnatsgo	gnatsgo-stac	soils	Soils, NATSGO, SSURGO, STATSGO2, RSS, USDA, United States	United States Department of Agriculture, Natural Resources Conservation Service, Microsoft	CC0-1.0	https://planetarycomputer.microsoft.com/api/stac/v1/collections/gnatsgo-tables			data
Gridmet	gridmet	Daily high-spatial resolution surface meteorological data covering the contiguous United States from 1979 to the present	-124.76666663333334, 25.066666666666666, -67.05833330000002, 49.400000000000006	1979-01-01	2020-12-31		gridmet	ai4edataeuwest	gridMET, Water, Precipitation, Temperature, Vapor Pressure, Climate	Development Seed, Microsoft, Climatology Lab, Abatzoglou, J.T.	CC0-1.0	https://planetarycomputer.microsoft.com/api/stac/v1/collections/gridmet	wind_speed, air_temperature, burning_index_g, relative_humidity, specific_humidity, wind_from_direction, precipitation_amount, dead_fuel_moisture_100hr, dead_fuel_moisture_1000hr, mean_vapor_pressure_deficit, potential_evapotranspiration, surface_downwelling_shortwave_flux_in_air	lat, lon, time	
HGB: Harmonized Global Biomass for 2010	hgb	Global maps of aboveground and belowground biomass carbon density for the year 2010 at 300m resolution	-180.0, -61.002778, 180.0, 84.0	2010-12-31	2010-12-31		cpdata	cpdataeuwest	Biomass, Carbon, ORNL	Oak Ridge National Laboratory Distributed Active Archive Center, CarbonPlan, Microsoft	proprietary	https://planetarycomputer.microsoft.com/api/stac/v1/collections/hgb			aboveground, belowground, aboveground_uncertainty, belowground_uncertainty
HREA: High Resolution Electricity Access	hrea	Settlement-level measures of electricity access, reliability, and usage derived from VIIRS satellite imagery	-117.413972, -55.54235, -53.092722, 32.718434	2012-12-31	2019-12-31		hrea	hreadatasa	HREA, Electricity, VIIRS	University of Michigan, Microsoft	CC-BY-4.0	https://planetarycomputer.microsoft.com/api/stac/v1/collections/hrea			lightscore, light-composite, night-proportion, estimated-brightness
HydroForecast - Kwando & Upper Zambezi Rivers	kaza-hydroforecast	Seasonal river flow forecasts for the Kwando and Upper Zambezi rivers in the KAZA region of Africa, produced by Upstream Tech's HydroForecast model.	21.04494, -17.792517, 23.343421, -13.08062	2022-01-01			hydroforecast	ai4edataeuwest	Water, HydroForecast, Streamflow, Hydrology, Upstream Tech	Upstream Tech, Microsoft	CDLA-Sharing-1.0	https://planetarycomputer.microsoft.com/api/stac/v1/collections/kaza-hydroforecast			data
JRC Global Surface Water	jrc-gsw	Global surface water distribution and dynamics from 1984 to 2020	-180.0, -56.0, 180.0, 78.0	1984-03-01	2020-12-31		jrc-gsw	ai4edataeuwest	Global, Water, Landsat	European Commission Joint Research Centre, Google, Microsoft	proprietary	https://planetarycomputer.microsoft.com/api/stac/v1/collections/jrc-gsw			change, extent, occurrence, recurrence, seasonality, transitions
Land Cover of Canada	nrcan-landcover	Collection of Land Cover products for Canada as produced by Natural Resources Canada using Landsat satellite imagery. This collection of cartographic products offers classified Land Cover of Canada at a 30 metre scale, updated on a 5 year basis.	-141.003, 41.6755, -52.6174, 83.1139	2015-01-01	2020-01-01		landcover	nrcanlandcovereuwest	Land Cover, Remote Sensing, Landsat, North America, Canada	Natural Resources Canada | Ressources naturelles Canada, Sparkgeo, Microsoft	OGL-Canada-2.0	https://planetarycomputer.microsoft.com/api/stac/v1/collections/nrcan-landcover			metadata, landcover
Landsat Collection 2 Level-1	landsat-c2-l1	Landsat Collection 2 Level-1 data from the Multispectral Scanner System (MSS) onboard Landsat 1 through Landsat 5.	-180.0, -90.0, 180.0, 90.0	1972-07-25	2013-01-07	landsat	landsat-c2	landsateuwest	Landsat, USGS, NASA, Satellite, Global, Imagery	NASA, USGS, Microsoft	proprietary	https://planetarycomputer.microsoft.com/api/stac/v1/collections/landsat-c2-l1			red, green, nir08, nir09, mtl.txt, mtl.xml, mtl.json, qa_pixel, qa_radsat
Landsat Collection 2 Level-2	landsat-c2-l2	Landsat Collection 2 Level-2 data from the Thematic Mapper (TM) onboard Landsat 4 and 5, the Enhanced Thematic Mapper Plus (ETM+) onboard Landsat 7, and the Operational Land Imager (OLI) and Thermal Infrared Sensor (TIRS) onboard Landsat 8 and 9.	-180.0, -90.0, 180.0, 90.0	1982-08-22		landsat	landsat-c2	landsateuwest	Landsat, USGS, NASA, Satellite, Global, Imagery, Reflectance, Temperature	NASA, USGS, Microsoft	proprietary	https://planetarycomputer.microsoft.com/api/stac/v1/collections/landsat-c2-l2			qa, ang, red, blue, drad, emis, emsd, lwir, trad, urad, atran, cdist, green, nir08, lwir11, swir16, swir22, coastal, mtl.txt, mtl.xml, cloud_qa, mtl.json, qa_pixel, qa_radsat, qa_aerosol, atmos_opacity
MODIS Burned Area Monthly	modis-64A1-061	MODIS Burned Area Monthly	-180, -90, 180, 90	2000-11-01		modis	modis-061	modiseuwest	NASA, MODIS, Satellite, Imagery, Global, Fire, MCD64A1	NASA LP DAAC at the USGS EROS Center, Microsoft	proprietary	https://planetarycomputer.microsoft.com/api/stac/v1/collections/modis-64A1-061			QA, hdf, Last_Day, metadata, Burn_Date, First_Day, Burn_Date_Uncertainty
MODIS Gross Primary Productivity 8-Day	modis-17A2H-061	MODIS Gross Primary Productivity 8-Day	-180, -90, 180, 90	2000-02-18		modis	modis-061	modiseuwest	NASA, MODIS, Satellite, Vegetation, Global, MOD17A2H, MYD17A2H	NASA LP DAAC at the USGS EROS Center, Microsoft	proprietary	https://planetarycomputer.microsoft.com/api/stac/v1/collections/modis-17A2H-061			hdf, Gpp_500m, metadata, PsnNet_500m, Psn_QC_500m
MODIS Gross Primary Productivity 8-Day Gap-Filled	modis-17A2HGF-061	MODIS Gross Primary Productivity 8-Day Gap-Filled	-180, -90, 180, 90	2000-02-18		modis	modis-061	modiseuwest	NASA, MODIS, Satellite, Vegetation, Global, MOD17A2HGF, MYD17A2HGF	NASA LP DAAC at the USGS EROS Center, Microsoft	proprietary	https://planetarycomputer.microsoft.com/api/stac/v1/collections/modis-17A2HGF-061			hdf, Gpp_500m, metadata, PsnNet_500m, Psn_QC_500m
MODIS Land Surface Temperature/3-Band Emissivity 8-Day	modis-21A2-061	MODIS Land Surface Temperature/3-Band Emissivity 8-Day	-180, -90, 180, 90	2000-02-16		modis	modis-061	modiseuwest	NASA, MODIS, Satellite, Global, Temperature, MOD21A2, MYD21A2	NASA LP DAAC at the USGS EROS Center, Microsoft	proprietary	https://planetarycomputer.microsoft.com/api/stac/v1/collections/modis-21A2-061			hdf, QC_Day, Emis_29, Emis_31, Emis_32, QC_Night, metadata, LST_Day_1KM, LST_Night_1KM, View_Time_Day, View_Angle_Day, View_Time_Night, View_Angle_Night
MODIS Land Surface Temperature/Emissivity 8-Day	modis-11A2-061	MODIS Land Surface Temperature/Emissivity 8-Day	-180, -90, 180, 90	2000-02-18		modis	modis-061	modiseuwest	NASA, MODIS, Satellite, Global, Temperature, MOD11A2, MYD11A2	NASA LP DAAC at the USGS EROS Center, Microsoft	proprietary	https://planetarycomputer.microsoft.com/api/stac/v1/collections/modis-11A2-061			hdf, QC_Day, Emis_31, Emis_32, QC_Night, metadata, LST_Day_1km, Day_view_angl, Day_view_time, LST_Night_1km, Clear_sky_days, Night_view_angl, Night_view_time, Clear_sky_nights
MODIS Land Surface Temperature/Emissivity Daily	modis-11A1-061	MODIS Land Surface Temperature/Emissivity Daily	-180, -90, 180, 90	2000-02-24		modis	modis-061	modiseuwest	NASA, MODIS, Satellite, Global, Temperature, MOD11A1, MYD11A1	NASA LP DAAC at the USGS EROS Center, Microsoft	proprietary	https://planetarycomputer.microsoft.com/api/stac/v1/collections/modis-11A1-061			hdf, QC_Day, Emis_31, Emis_32, QC_Night, metadata, LST_Day_1km, Clear_day_cov, Day_view_angl, Day_view_time, LST_Night_1km, Clear_night_cov, Night_view_angl, Night_view_time
MODIS Leaf Area Index/FPAR 4-Day	modis-15A3H-061	MODIS Leaf Area Index/FPAR 4-Day	-180, -90, 180, 90	2002-07-04		modis	modis-061	modiseuwest	NASA, MODIS, Satellite, Global, Vegetation, MCD15A3H	NASA LP DAAC at the USGS EROS Center, Microsoft	proprietary	https://planetarycomputer.microsoft.com/api/stac/v1/collections/modis-15A3H-061			hdf, Lai_500m, metadata, Fpar_500m, FparLai_QC, FparExtra_QC, LaiStdDev_500m, FparStdDev_500m
MODIS Leaf Area Index/FPAR 8-Day	modis-15A2H-061	MODIS Leaf Area Index/FPAR 8-Day	-180, -90, 180, 90	2002-07-04		modis	modis-061	modiseuwest	NASA, MODIS, Satellite, Global, Vegetation, MCD15A2H, MOD15A2H, MYD15A2H	NASA LP DAAC at the USGS EROS Center, Microsoft	proprietary	https://planetarycomputer.microsoft.com/api/stac/v1/collections/modis-15A2H-061			hdf, Lai_500m, metadata, Fpar_500m, FparLai_QC, FparExtra_QC, LaiStdDev_500m, FparStdDev_500m
MODIS Nadir BRDF-Adjusted Reflectance (NBAR) Daily	modis-43A4-061	MODIS Nadir BRDF-Adjusted Reflectance (NBAR) Daily	-180, -90, 180, 90	2000-02-16		modis	modis-061	modiseuwest	NASA, MODIS, Satellite, Imagery, Global, Reflectance, MCD43A4	NASA LP DAAC at the USGS EROS Center, Microsoft	proprietary	https://planetarycomputer.microsoft.com/api/stac/v1/collections/modis-43A4-061			hdf, metadata, Nadir_Reflectance_Band1, Nadir_Reflectance_Band2, Nadir_Reflectance_Band3, Nadir_Reflectance_Band4, Nadir_Reflectance_Band5, Nadir_Reflectance_Band6, Nadir_Reflectance_Band7, BRDF_Albedo_Band_Mandatory_Quality_Band1, BRDF_Albedo_Band_Mandatory_Quality_Band2, BRDF_Albedo_Band_Mandatory_Quality_Band3, BRDF_Albedo_Band_Mandatory_Quality_Band4, BRDF_Albedo_Band_Mandatory_Quality_Band5, BRDF_Albedo_Band_Mandatory_Quality_Band6, BRDF_Albedo_Band_Mandatory_Quality_Band7
MODIS Net Evapotranspiration Yearly Gap-Filled	modis-16A3GF-061	MODIS Net Evapotranspiration Yearly Gap-Filled	-180, -90, 180, 90	2001-01-01		modis	modis-061	modiseuwest	NASA, MODIS, Satellite, Global, Vegetation, MOD16A3GF, MYD16A3GF	NASA LP DAAC at the USGS EROS Center, Microsoft	proprietary	https://planetarycomputer.microsoft.com/api/stac/v1/collections/modis-16A3GF-061			hdf, ET_500m, LE_500m, PET_500m, PLE_500m, metadata, ET_QC_500m
MODIS Net Primary Production Yearly Gap-Filled	modis-17A3HGF-061	MODIS Net Primary Production Yearly Gap-Filled	-180, -90, 180, 90	2000-02-18		modis	modis-061	modiseuwest	NASA, MODIS, Satellite, Vegetation, Global, MOD17A3HGF, MYD17A3HGF	NASA LP DAAC at the USGS EROS Center, Microsoft	proprietary	https://planetarycomputer.microsoft.com/api/stac/v1/collections/modis-17A3HGF-061			hdf, Gpp_500m, Npp_500m, metadata, Npp_QC_500m
MODIS Snow Cover 8-day	modis-10A2-061	MODIS Snow Cover 8-day	-180, -90, 180, 90	2000-02-18		modis	modis-061	modiseuwest	NASA, MODIS, Satellite, Global, Snow, MOD10A2, MYD10A2	National Snow and Ice Data Center, Microsoft	proprietary	https://planetarycomputer.microsoft.com/api/stac/v1/collections/modis-10A2-061			hdf, metadata, Maximum_Snow_Extent, Eight_Day_Snow_Cover
MODIS Snow Cover Daily	modis-10A1-061	MODIS Snow Cover Daily	-180, -90, 180, 90	2000-02-24		modis	modis-061	modiseuwest	NASA, MODIS, Satellite, Global, Snow, MOD10A1, MYD10A1	National Snow and Ice Data Center, Microsoft	proprietary	https://planetarycomputer.microsoft.com/api/stac/v1/collections/modis-10A1-061			hdf, NDSI, metadata, orbit_pnt, granule_pnt, NDSI_Snow_Cover, Snow_Albedo_Daily_Tile, NDSI_Snow_Cover_Basic_QA, NDSI_Snow_Cover_Algorithm_Flags_QA
MODIS Surface Reflectance 8-Day (250m)	modis-09Q1-061	MODIS Surface Reflectance 8-Day (250m)	-180, -90, 180, 90	2000-02-18		modis	modis-061	modiseuwest	NASA, MODIS, Satellite, Imagery, Global, Reflectance, MOD09Q1, MYD09Q1	NASA LP DAAC at the USGS EROS Center, Microsoft	proprietary	https://planetarycomputer.microsoft.com/api/stac/v1/collections/modis-09Q1-061			hdf, metadata, sur_refl_b01, sur_refl_b02, sur_refl_qc_250m, sur_refl_state_250m
MODIS Surface Reflectance 8-Day (500m)	modis-09A1-061	MODIS Surface Reflectance 8-Day (500m)	-180, -90, 180, 90	2000-02-18		modis	modis-061	modiseuwest	NASA, MODIS, Satellite, Imagery, Global, Reflectance, MOD09A1, MYD09A1	NASA LP DAAC at the USGS EROS Center, Microsoft	proprietary	https://planetarycomputer.microsoft.com/api/stac/v1/collections/modis-09A1-061			hdf, metadata, sur_refl_b01, sur_refl_b02, sur_refl_b03, sur_refl_b04, sur_refl_b05, sur_refl_b06, sur_refl_b07, sur_refl_raz, sur_refl_szen, sur_refl_vzen, sur_refl_qc_500m, sur_refl_state_500m, sur_refl_day_of_year
MODIS Thermal Anomalies/Fire 8-Day	modis-14A2-061	MODIS Thermal Anomalies/Fire 8-Day	-180, -90, 180, 90	2000-02-18		modis	modis-061	modiseuwest	NASA, MODIS, Satellite, Global, Fire, MOD14A2, MYD14A2	NASA LP DAAC at the USGS EROS Center, Microsoft	proprietary	https://planetarycomputer.microsoft.com/api/stac/v1/collections/modis-14A2-061			QA, hdf, FireMask, metadata
MODIS Thermal Anomalies/Fire Daily	modis-14A1-061	MODIS Thermal Anomalies/Fire Daily	-180, -90, 180, 90	2000-02-18		modis	modis-061	modiseuwest	NASA, MODIS, Satellite, Global, Fire, MOD14A1, MYD14A1	NASA LP DAAC at the USGS EROS Center, Microsoft	proprietary	https://planetarycomputer.microsoft.com/api/stac/v1/collections/modis-14A1-061			QA, hdf, MaxFRP, sample, FireMask, metadata
MODIS Vegetation Indices 16-Day (250m)	modis-13Q1-061	MODIS Vegetation Indices 16-Day (250m)	-180, -90, 180, 90	2000-02-18		modis	modis-061	modiseuwest	NASA, MODIS, Satellite, Global, Vegetation, MOD13Q1, MYD13Q1	NASA LP DAAC at the USGS EROS Center, Microsoft	proprietary	https://planetarycomputer.microsoft.com/api/stac/v1/collections/modis-13Q1-061			hdf, metadata, 250m_16_days_EVI, 250m_16_days_NDVI, 250m_16_days_VI_Quality, 250m_16_days_MIR_reflectance, 250m_16_days_NIR_reflectance, 250m_16_days_red_reflectance, 250m_16_days_blue_reflectance, 250m_16_days_sun_zenith_angle, 250m_16_days_pixel_reliability, 250m_16_days_view_zenith_angle, 250m_16_days_relative_azimuth_angle, 250m_16_days_composite_day_of_the_year
MODIS Vegetation Indices 16-Day (500m)	modis-13A1-061	MODIS Vegetation Indices 16-Day (500m)	-180, -90, 180, 90	2000-02-18		modis	modis-061	modiseuwest	NASA, MODIS, Satellite, Global, Vegetation, MOD13A1, MYD13A1	NASA LP DAAC at the USGS EROS Center, Microsoft	proprietary	https://planetarycomputer.microsoft.com/api/stac/v1/collections/modis-13A1-061			hdf, metadata, 500m_16_days_EVI, 500m_16_days_NDVI, 500m_16_days_VI_Quality, 500m_16_days_MIR_reflectance, 500m_16_days_NIR_reflectance, 500m_16_days_red_reflectance, 500m_16_days_blue_reflectance, 500m_16_days_sun_zenith_angle, 500m_16_days_pixel_reliability, 500m_16_days_view_zenith_angle, 500m_16_days_relative_azimuth_angle, 500m_16_days_composite_day_of_the_year
MTBS: Monitoring Trends in Burn Severity	mtbs	Annual burn severity mosaics for the continental United States and Alaska	-166.705027, 56.331164, -137.664767, 69.980073	1984-12-31	2018-12-31		cpdata	cpdataeuwest	MTBS, USGS, USFS, USDA, Forest, Fire	MTBS program, CarbonPlan, Microsoft	proprietary	https://planetarycomputer.microsoft.com/api/stac/v1/collections/mtbs			metadata, burn-severity
Microsoft Building Footprints	ms-buildings	Machine learning detected buildings footprints.	-180.0, 90.0, 180.0, -90.0	2014-01-01			footprints	bingmlbuildings	Bing Maps, Buildings, geoparquet, Microsoft, Footprint, Delta	Microsoft	ODbL-1.0	https://planetarycomputer.microsoft.com/api/stac/v1/collections/ms-buildings			data
MoBI: Map of Biodiversity Importance	mobi	Habitat information for 2,216 imperiled species occurring in the continental United States	-130.23751729209377, 21.736663926419077, -63.66198266211968, 49.184200486300604	2020-04-14	2020-04-14		mobi	ai4edataeuwest	MoBI, Natureserve, United States, Biodiversity	NatureServe, Microsoft	proprietary	https://planetarycomputer.microsoft.com/api/stac/v1/collections/mobi			RSR_All, RSR_Plants, RSR_Vertebrates, RSR_AquaticInverts, PWRSR_GAP12_SUM_All, SpeciesRichness_All, RSR_PollinatorInverts, PWRSR_GAP12_SUM_Plants, SpeciesRichness_Plants, PWRSR_GAP12_SUM_Vertebrates, SpeciesRichness_Vertebrates, PWRSR_GAP12_SUM_AquaticInverts, SpeciesRichness_AquaticInverts, PWRSR_GAP12_SUM_PollinatorInverts, SpeciesRichness_PollinatorInverts
Monthly NOAA U.S. Climate Gridded Dataset (NClimGrid)	noaa-nclimgrid-monthly	Gridded surface observations of monthly temperature and precipitation for the continental United States	-124.708333, 24.541666, -66.999995, 49.375001	1895-01-01		noaa-nclimgrid	nclimgrid-cogs	nclimgridwesteurope	United States, NOAA, NClimGrid, Climate, Precipitation, Temperature	NOAA National Centers for Environmental Information, Microsoft	proprietary	https://planetarycomputer.microsoft.com/api/stac/v1/collections/noaa-nclimgrid-monthly			prcp, tavg, tmax, tmin
NAIP: National Agriculture Imagery Program	naip	NAIP provides US-wide, high-resolution aerial imagery.  This dataset includes NAIP images from 2010 to the present.	-124.784, 24.744, -66.951, 49.346	2010-01-01	2021-12-31		naip	naipeuwest	NAIP, Aerial, Imagery, USDA, AFPO, Agriculture, United States	USDA Farm Service Agency, Esri, Microsoft	proprietary	https://planetarycomputer.microsoft.com/api/stac/v1/collections/naip			image, metadata, thumbnail
NASADEM HGT v001	nasadem	Global topographic data at 1 arc-second (~30m) horizontal resolution, derived primarily from data captured via the Shuttle Radar Topography Mission	-179.000139, -56.000139, 179.000139, 61.000139	2000-02-20	2000-02-20		nasadem-cog	nasademeuwest	NASA, JPL, Elevation, DEM, USGS, NGA, SRTM	NASA, JPL, USGS, OpenTopography, Microsoft	proprietary	https://planetarycomputer.microsoft.com/api/stac/v1/collections/nasadem			elevation
NOAA MRMS QPE 1-Hour Pass 1	noaa-mrms-qpe-1h-pass1	Integrated multi-sensor cumulative precipation estimate for the past hour with a 1-hour latency.	-176.0, 9.0, 150.0, 72.0	2022-07-21		noaa-mrms-qpe	mrms-cogs	mrms	NOAA, MRMS, QPE, Precipitation, Weather, United States, Guam, Caribbean	NOAA National Severe Storms Laboratory, Microsoft	proprietary	https://planetarycomputer.microsoft.com/api/stac/v1/collections/noaa-mrms-qpe-1h-pass1			cog, grib2
NOAA MRMS QPE 1-Hour Pass 2	noaa-mrms-qpe-1h-pass2	Integrated multi-sensor cumulative precipation estimate for the past hour with a 2-hour latency.	-176.0, 9.0, 150.0, 72.0	2022-07-21		noaa-mrms-qpe	mrms-cogs	mrms	NOAA, MRMS, QPE, Precipitation, Weather, United States, Guam, Caribbean	NOAA National Severe Storms Laboratory, Microsoft	proprietary	https://planetarycomputer.microsoft.com/api/stac/v1/collections/noaa-mrms-qpe-1h-pass2			cog, grib2
NOAA MRMS QPE 24-Hour Pass 2	noaa-mrms-qpe-24h-pass2	Integrated multi-sensor cumulative precipitation estimate for the past 24 hours with a 2-hour latency.	-176.0, 9.0, 150.0, 72.0	2022-07-21		noaa-mrms-qpe	mrms-cogs	mrms	NOAA, MRMS, QPE, Precipitation, Weather, United States, Guam, Caribbean	NOAA National Severe Storms Laboratory, Microsoft	proprietary	https://planetarycomputer.microsoft.com/api/stac/v1/collections/noaa-mrms-qpe-24h-pass2			cog, grib2
NOAA US Gridded Climate Normals (Cloud-Optimized GeoTIFF)	noaa-climate-normals-gridded	Gridded Climate Normals for the contiguous United States in Cloud Optimized GeoTIFF (COG) format.	-124.708333, 24.541666, -66.999995, 49.375001	1901-01-01	2020-12-31	noaa-climate-normals	gridded-normals-cogs	noaanormals	NOAA, Climate Normals, Weather, Surface Observations, Climatology, CONUS	NOAA National Centers for Environmental Information, Microsoft	proprietary	https://planetarycomputer.microsoft.com/api/stac/v1/collections/noaa-climate-normals-gridded			prcp_max, prcp_min, prcp_std, tavg_max, tavg_min, tavg_std, tmax_max, tmax_min, tmax_std, tmin_max, tmin_min, tmin_std, prcp_flag, prcp_norm, tavg_flag, tavg_norm, tmax_flag, tmax_norm, tmin_flag, tmin_norm, m2dprcp_norm, y2dprcp_norm
NOAA US Gridded Climate Normals (NetCDF)	noaa-climate-normals-netcdf	Gridded Climate Normals for the contiguous United States in the original NetCDF format provided by NOAA's National Centers for Environmental Information.	-124.708333, 24.541666, -66.999995, 49.375001	1901-01-01	2020-12-31	noaa-climate-normals	gridded-normals	noaanormals	NOAA, Climate Normals, Weather, Surface Observations, Climatology, CONUS	NOAA National Centers for Environmental Information, Microsoft	proprietary	https://planetarycomputer.microsoft.com/api/stac/v1/collections/noaa-climate-normals-netcdf			netcdf
NOAA US Tabular Climate Normals	noaa-climate-normals-tabular	Tabular Climate Normal data for over 15,000 United States weather station locations in GeoParquet format.	-177.38333, -14.3306, 174.1, 71.3214	1981-01-01	2020-12-31	noaa-climate-normals	climate-normals-geoparquet	noaanormals	NOAA, Climate Normals, Weather, Surface Observations, Climatology, CONUS	NOAA National Centers for Environmental Information, Microsoft	proprietary	https://planetarycomputer.microsoft.com/api/stac/v1/collections/noaa-climate-normals-tabular			geoparquet
Planet-NICFI Basemaps (Analytic)	planet-nicfi-analytic	Planet's high-resolution, analysis-ready mosaics of the world's tropics	-180.0, -34.161818157002, 180.0, 30.145127179625	2015-12-01		planet-nicfi	nicfi	planet	Planet, NICFI, Satellite, Tropics, Imagery	Planet, Microsoft	proprietary	https://planetarycomputer.microsoft.com/api/stac/v1/collections/planet-nicfi-analytic			data, thumbnail
Planet-NICFI Basemaps (Visual)	planet-nicfi-visual	Planet's high-resolution, analysis-ready mosaics of the world's tropics	-180.0, -34.161818157002, 180.0, 30.145127179625	2015-12-01		planet-nicfi	nicfi	planet	Planet, NICFI, Satellite, Tropics, Imagery	Planet, Microsoft	proprietary	https://planetarycomputer.microsoft.com/api/stac/v1/collections/planet-nicfi-visual			data, thumbnail
Sea Surface Temperature - Optimum Interpolation CDR	noaa-cdr-sea-surface-temperature-optimum-interpolation	The NOAA 1/4Â° daily Optimum Interpolation Sea Surface Temperature (or daily OISST) Climate Data Record (CDR) provides complete ocean temperature fields constructed by combining bias-adjusted observations from different platforms (satellites, ships, buoys) on a regular global grid, with gaps filled in by interpolation.	-180.0, -90.0, 180.0, 90.0	1981-09-01		noaa-cdr	sea-surface-temperature-optimum-interpolation	noaacdr	Global, Climate, NOAA, Temperature, Ocean	National Centers for Environmental Information, Microsoft	proprietary	https://planetarycomputer.microsoft.com/api/stac/v1/collections/noaa-cdr-sea-surface-temperature-optimum-interpolation			err, ice, sst, anom, netcdf
Sea Surface Temperature - WHOI CDR	noaa-cdr-sea-surface-temperature-whoi	The Sea Surface Temperature-Woods Hole Oceanographic Institution (WHOI) Climate Data Record (CDR) is one of three CDRs which combine to form the NOAA Ocean Surface Bundle (OSB) CDR. The resultant sea surface temperature (SST) data are produced through modeling the diurnal variability in combination with AVHRR SST observations.	-180.0, -90, 180, 90	1988-01-01		noaa-cdr	sea-surface-temperature-whoi	noaacdr	Global, Climate, NOAA, Ocean, Temperature	National Centers for Environmental Information, Microsoft	proprietary	https://planetarycomputer.microsoft.com/api/stac/v1/collections/noaa-cdr-sea-surface-temperature-whoi			fill_missing_qc, sea_surface_temperature
Sea Surface Temperature - WHOI CDR NetCDFs	noaa-cdr-sea-surface-temperature-whoi-netcdf	The Sea Surface Temperature-Woods Hole Oceanographic Institution (WHOI) Climate Data Record (CDR) is one of three CDRs which combine to form the NOAA Ocean Surface Bundle (OSB) CDR. The resultant sea surface temperature (SST) data are produced through modeling the diurnal variability in combination with AVHRR SST observations.	-180.0, -90, 180, 90	1988-01-01		noaa-cdr	sea-surface-temperature-whoi	noaacdr	Global, Climate, NOAA, Ocean, Temperature	National Centers for Environmental Information, Microsoft	proprietary	https://planetarycomputer.microsoft.com/api/stac/v1/collections/noaa-cdr-sea-surface-temperature-whoi-netcdf			netcdf
Sentinel 1 Level-1 Ground Range Detected (GRD)	sentinel-1-grd	Sentinel-1 Level-1 Ground Range Detected (GRD) products consist of focused SAR data that has been detected, multi-looked and projected to ground range using an Earth ellipsoid model.	-180, -90, 180, 90	2014-10-10		sentinel-1	s1-grd	sentinel1euwest	ESA, Copernicus, Sentinel, C-Band, SAR, GRD	ESA, Microsoft	proprietary	https://planetarycomputer.microsoft.com/api/stac/v1/collections/sentinel-1-grd			hh, hv, vh, vv, thumbnail, safe-manifest, schema-noise-hh, schema-noise-hv, schema-noise-vh, schema-noise-vv, schema-product-hh, schema-product-hv, schema-product-vh, schema-product-vv, schema-calibration-hh, schema-calibration-hv, schema-calibration-vh, schema-calibration-vv
Sentinel 1 Radiometrically Terrain Corrected (RTC)	sentinel-1-rtc	Radiometrically terrain corrected SAR imagery derived from the Sentinel 1 Level 1 GRD product.	-180, -90, 180, 90	2014-10-10		sentinel-1	sentinel1-grd-rtc	sentinel1euwestrtc	ESA, Copernicus, Sentinel, C-Band, SAR, RTC	Catalyst, Microsoft	CC-BY-4.0	https://planetarycomputer.microsoft.com/api/stac/v1/collections/sentinel-1-rtc			hh, hv, vh, vv
Sentinel-2 Level-2A	sentinel-2-l2a	The Sentinel-2 program provides global imagery in thirteen spectral bands at 10m-60m resolution and a revisit time of approximately five days.  This dataset contains the global Sentinel-2 archive, from 2016 to the present, processed to L2A (bottom-of-atmosphere).	-180, -90, 180, 90	2015-06-27			sentinel2-l2	sentinel2l2a01	Sentinel, Copernicus, ESA, Satellite, Global, Imagery, Reflectance	ESA, Esri, Microsoft	proprietary	https://planetarycomputer.microsoft.com/api/stac/v1/collections/sentinel-2-l2a			AOT, B01, B02, B03, B04, B05, B06, B07, B08, B09, B11, B12, B8A, SCL, WVP, visual, preview, safe-manifest, granule-metadata, inspire-metadata, product-metadata, datastrip-metadata
Sentinel-3 1-Day Surface Reflectance and NDVI (SPOT VEGETATION)	sentinel-3-synergy-vg1-l2-netcdf	Sentinel-3 1-day surface reflectance and NDVI (SYNERGY VG1, a SPOT VEGETATION Continuity Product).	-180.0, -56.0, 180.0, 75.0	2018-10-04		sentinel-3	sentinel-3	sentinel3euwest	Sentinel, Copernicus, ESA, Satellite, Reflectance, NDVI	ESA, Microsoft	proprietary	https://planetarycomputer.microsoft.com/api/stac/v1/collections/sentinel-3-synergy-vg1-l2-netcdf			ag, b0, b2, b3, og, sm, tg, mir, saa, sza, vaa, vza, wvg, ndvi, safe-manifest
Sentinel-3 10-Day Surface Reflectance and NDVI (SPOT VEGETATION)	sentinel-3-synergy-v10-l2-netcdf	Sentinel-3 10-day surface reflectance and NDVI (SYNERGY V10, a SPOT VEGETATION Continuity Product).	-180.0, -56.0, 180.0, 75.0	2018-09-27		sentinel-3	sentinel-3	sentinel3euwest	Sentinel, Copernicus, ESA, Satellite, Reflectance, NDVI	ESA, Microsoft	proprietary	https://planetarycomputer.microsoft.com/api/stac/v1/collections/sentinel-3-synergy-v10-l2-netcdf			ag, b0, b2, b3, og, sm, tg, mir, saa, sza, vaa, vza, wvg, ndvi, safe-manifest
Sentinel-3 Fire Radiative Power	sentinel-3-slstr-frp-l2-netcdf	Sentinel-3 fire detection over land (SLSTR FRP).	-180, -90, 180, 90	2020-08-08		sentinel-3	sentinel-3	sentinel3euwest	Sentinel, Copernicus, ESA, Satellite, Temperature, Fire	ESA, Microsoft	proprietary	https://planetarycomputer.microsoft.com/api/stac/v1/collections/sentinel-3-slstr-frp-l2-netcdf			frp-in, slstr-met-tx, safe-manifest, slstr-time-in, slstr-flags-fn, slstr-flags-in, slstr-indices-fn, slstr-indices-in, slstr-geodetic-fn, slstr-geodetic-in, slstr-geodetic-tx, slstr-geometry-tn, slstr-cartesian-fn, slstr-cartesian-in, slstr-cartesian-tx
Sentinel-3 Global Aerosol	sentinel-3-synergy-aod-l2-netcdf	Sentinel-3 global aerosol and surface reflectance at super-pixel (4.5km) resolution (SYNERGY AOD).	-180, -90, 180, 90	2020-04-16		sentinel-3	sentinel-3	sentinel3euwest	Sentinel, Copernicus, ESA, Satellite, Global, Aerosol	ESA, Microsoft	proprietary	https://planetarycomputer.microsoft.com/api/stac/v1/collections/sentinel-3-synergy-aod-l2-netcdf			ntc-aod, safe-manifest
Sentinel-3 Land (Full Resolution)	sentinel-3-olci-lfr-l2-netcdf	Sentinel-3 Land Full Resolution vegetation index, chlorophyll index, and water vapor (OLCI LFR).	-180, -90, 180, 90	2016-04-25		sentinel-3	sentinel-3	sentinel3euwest	ESA, Copernicus, Sentinel, Land, Biomass	ESA, Microsoft	proprietary	https://planetarycomputer.microsoft.com/api/stac/v1/collections/sentinel-3-olci-lfr-l2-netcdf			iwv, lqsf, ogvi, otci, gifapar, rc-ogvi, tie-meteo, rc-gifapar, safe-manifest, tie-geometries, geo-coordinates, instrument-data, time-coordinates, tie-geo-coordinates
Sentinel-3 Land Radar Altimetry	sentinel-3-sral-lan-l2-netcdf	Sentinel-3 radar altimetry over land (SRAL LAN).	-180, -81.5, 180, 81.5	2016-03-01		sentinel-3	sentinel-3	sentinel3euwest	Sentinel, Copernicus, ESA, Satellite, Radar, Altimetry	ESA, Microsoft	proprietary	https://planetarycomputer.microsoft.com/api/stac/v1/collections/sentinel-3-sral-lan-l2-netcdf			safe-manifest, reduced-measurement, enhanced-measurement, standard-measurement
Sentinel-3 Land Surface Reflectance and Aerosol	sentinel-3-synergy-syn-l2-netcdf	Sentinel-3 surface reflectance and aerosol over land (SYNERGY SYN).	-180, -90, 180, 90	2018-09-22		sentinel-3	sentinel-3	sentinel3euwest	Sentinel, Copernicus, ESA, Satellite, Land, Reflectance, Aerosol	ESA, Microsoft	proprietary	https://planetarycomputer.microsoft.com/api/stac/v1/collections/sentinel-3-synergy-syn-l2-netcdf			time, syn-amin, syn-flags, syn-ato550, geolocation, safe-manifest, tiepoints-olci, tiepoints-meteo, tiepoints-slstr-n, tiepoints-slstr-o, syn-angstrom-exp550, syn-s1n-reflectance, syn-s1o-reflectance, syn-s2n-reflectance, syn-s2o-reflectance, syn-s3n-reflectance, syn-s3o-reflectance, syn-s5n-reflectance, syn-s5o-reflectance, syn-s6n-reflectance, syn-s6o-reflectance, syn-oa01-reflectance, syn-oa02-reflectance, syn-oa03-reflectance, syn-oa04-reflectance, syn-oa05-reflectance, syn-oa06-reflectance, syn-oa07-reflectance, syn-oa08-reflectance, syn-oa09-reflectance, syn-oa10-reflectance, syn-oa11-reflectance, syn-oa12-reflectance, syn-oa16-reflectance, syn-oa17-reflectance, syn-oa18-reflectance, syn-oa21-reflectance, syn-sdr-removed-pixels, annotations-removed-pixels
Sentinel-3 Land Surface Temperature	sentinel-3-slstr-lst-l2-netcdf	Sentinel-3 land surface temperature (SLSTR LST).	-180, -90, 180, 90	2016-04-19		sentinel-3	sentinel-3	sentinel3euwest	Sentinel, Copernicus, ESA, Satellite, Temperature, Land	ESA, Microsoft	proprietary	https://planetarycomputer.microsoft.com/api/stac/v1/collections/sentinel-3-slstr-lst-l2-netcdf			lst-in, slstr-met-tx, safe-manifest, slstr-time-in, slstr-flags-in, lst-ancillary-ds, slstr-indices-in, slstr-geodetic-in, slstr-geodetic-tx, slstr-geometry-tn, slstr-cartesian-in, slstr-cartesian-tx
Sentinel-3 Ocean Radar Altimetry	sentinel-3-sral-wat-l2-netcdf	Sentinel-3 radar altimetry over ocean (SRAL WAT).	-180, -81.5, 180, 81.5	2017-01-28		sentinel-3	sentinel-3	sentinel3euwest	Sentinel, Copernicus, ESA, Satellite, Radar, Altimetry, Ocean	ESA, Microsoft	proprietary	https://planetarycomputer.microsoft.com/api/stac/v1/collections/sentinel-3-sral-wat-l2-netcdf			eop-metadata, safe-manifest, reduced-measurement, enhanced-measurement, standard-measurement
Sentinel-3 Sea Surface Temperature	sentinel-3-slstr-wst-l2-netcdf	Sentinel-3 sea surface temperature (SLSTR WST).	-180, -90, 180, 90	2017-10-31		sentinel-3	sentinel-3	sentinel3euwest	Sentinel, Copernicus, ESA, Satellite, Temperature, Ocean	ESA, Microsoft	proprietary	https://planetarycomputer.microsoft.com/api/stac/v1/collections/sentinel-3-slstr-wst-l2-netcdf			l2p, browse-jpg, eop-metadata, safe-manifest
Sentinel-3 Top of Atmosphere Reflectance (SPOT VEGETATION)	sentinel-3-synergy-vgp-l2-netcdf	Sentinel-3 top of atmosphere reflectance (SYNERGY VGP, a SPOT VEGETATION Continuity Product).	-180, -90, 180, 90	2018-10-08		sentinel-3	sentinel-3	sentinel3euwest	Sentinel, Copernicus, ESA, Satellite, Reflectance	ESA, Microsoft	proprietary	https://planetarycomputer.microsoft.com/api/stac/v1/collections/sentinel-3-synergy-vgp-l2-netcdf			ag, b0, b2, b3, og, sm, mir, saa, sza, vaa, vza, wvg, safe-manifest
Sentinel-3 Water (Full Resolution)	sentinel-3-olci-wfr-l2-netcdf	Sentinel-3 Land Full Resolution water and atmospheric geophysical products (OLCI WFR).	-180, -90, 180, 90	2017-11-01		sentinel-3	sentinel-3	sentinel3euwest	ESA, Copernicus, Sentinel, Water, Ocean	ESA, Microsoft	proprietary	https://planetarycomputer.microsoft.com/api/stac/v1/collections/sentinel-3-olci-wfr-l2-netcdf			iwv, par, trsp, wqsf, w-aer, chl-nn, iop-nn, tsm-nn, chl-oc4me, tie-meteo, browse-jpg, eop-metadata, safe-manifest, tie-geometries, geo-coordinates, instrument-data, oa01-reflectance, oa02-reflectance, oa03-reflectance, oa04-reflectance, oa05-reflectance, oa06-reflectance, oa07-reflectance, oa08-reflectance, oa09-reflectance, oa10-reflectance, oa11-reflectance, oa12-reflectance, oa16-reflectance, oa17-reflectance, oa18-reflectance, oa21-reflectance, time-coordinates, tie-geo-coordinates
Sentinel-5P Level-2	sentinel-5p-l2-netcdf	Sentinel-5P Level 2 atmospheric monitoring products in NetCDF format	-180, -90, 180, 90	2018-04-30			sentinel-5p	sentinel5euwest	ESA, Copernicus, Sentinel, Air Quality, Climate Change, Forecasting	ESA, Microsoft	proprietary	https://planetarycomputer.microsoft.com/api/stac/v1/collections/sentinel-5p-l2-netcdf			co, o3, ch4, no2, so2, hcho, cloud, aer-ai, aer-lh, np-bd3, np-bd6, np-bd7, o3-tcl
TerraClimate	terraclimate	High-resolution global dataset of monthly climate and climatic water balance	-180, -90, 180, 90	1958-01-01	2021-12-01		cpdata	cpdataeuwest	TerraClimate, Water, Precipitation, Temperature, Vapor Pressure, Climate	Microsoft, Climatology Lab, Abatzoglou, J.T., S.Z. Dobrowski, S.A. Parks, K.C. Hegewisch	CC0-1.0	https://planetarycomputer.microsoft.com/api/stac/v1/collections/terraclimate	q, ws, aet, def, pet, ppt, swe, vap, vpd, pdsi, soil, srad, tmax, tmin	lat, lon, time	
US Census	us-census	United States population counts at various levels of cartographic aggregation	-124.763068, 24.523096, -66.949895, 49.384358	2021-08-01	2021-08-01		us-census	ai4edataeuwest	US Census Bureau, Administrative boundaries, Population, Demographics	United States Census Bureau, makepath, Microsoft	proprietary	https://planetarycomputer.microsoft.com/api/stac/v1/collections/us-census			data
USDA Cropland Data Layers (CDLs)	usda-cdl	The UDA Cropland Data Layer is an annual raster, geo-referenced, crop-specific land cover data layer produced using satellite imagery and extensive agricultural ground truth collected during the current growing season.	-127.887212, 22.94027, -65.345507, 51.603492	2008-01-01	2021-12-31		usda-cdl	landcoverdata	USDA, United States, Land Cover, Land Use, Agriculture	United States Department of Agriculture - National Agricultural Statistics Service, Microsoft	proprietary	https://planetarycomputer.microsoft.com/api/stac/v1/collections/usda-cdl			corn, wheat, cotton, cropland, soybeans, confidence, cultivated
USGS 3DEP Lidar Classification	3dep-lidar-classification	3DEP Lidar collection for Cloud Optimized Geotiffs (COGs) created according to PDAL's Intensity dimension	-166.8546920006028, 17.655357747708283, -64.56116757979399, 71.39330810146807	2012-01-01	2022-01-01	3dep-lidar	usgs-3dep-cogs	usgslidareuwest	USGS, 3DEP, COG, Classification	Landrush, USGS, Microsoft	proprietary	https://planetarycomputer.microsoft.com/api/stac/v1/collections/3dep-lidar-classification			data, thumbnail
USGS 3DEP Lidar Digital Surface Model	3dep-lidar-dsm	3DEP Lidar collection for the Digital Surface Model (DSM) Cloud Optimized Geotiffs (COGs).	-166.8546920006028, 17.655357747708283, -64.56116757979399, 71.39330810146807	2012-01-01	2022-01-01	3dep-lidar	usgs-3dep-cogs	usgslidareuwest	USGS, 3DEP, COG, DSM	Landrush, USGS, Microsoft	proprietary	https://planetarycomputer.microsoft.com/api/stac/v1/collections/3dep-lidar-dsm			data, thumbnail
USGS 3DEP Lidar Digital Terrain Model	3dep-lidar-dtm	3DEP Lidar collection for the Digital Terrain Model (DTM) Cloud Optimized Geotiffs (COGs) using PDAL's filters.smrf.	-166.8546920006028, 17.655357747708283, -64.56116757979399, 71.39330810146807	2012-01-01	2022-01-01	3dep-lidar	usgs-3dep-cogs	usgslidareuwest	USGS, 3DEP, COG, DTM	Landrush, USGS, Microsoft	proprietary	https://planetarycomputer.microsoft.com/api/stac/v1/collections/3dep-lidar-dtm			data, thumbnail
USGS 3DEP Lidar Digital Terrain Model (Native)	3dep-lidar-dtm-native	3DEP Lidar collection for the Digital Terrain Model (DTM) Cloud Optimized Geotiffs (COGs) using vendor provided ground classification.	-166.8546920006028, 17.655357747708283, -64.56116757979399, 71.39330810146807	2012-01-01	2022-01-01	3dep-lidar	usgs-3dep-cogs	usgslidareuwest	USGS, 3DEP, COG, DTM	Landrush, USGS, Microsoft	proprietary	https://planetarycomputer.microsoft.com/api/stac/v1/collections/3dep-lidar-dtm-native			data, thumbnail
USGS 3DEP Lidar Height above Ground	3dep-lidar-hag	3DEP Lidar collection for the Height Above Ground (HAG or Elevation) Cloud Optimized Geotiffs (COGs). All USGS HAG COG STAC items will be associated with this STAC collection.	-166.8546920006028, 17.655357747708283, -64.56116757979399, 71.39330810146807	2012-01-01	2022-01-01	3dep-lidar	usgs-3dep-cogs	usgslidareuwest	USGS, 3DEP, COG, Elevation	Landrush, USGS, Microsoft	proprietary	https://planetarycomputer.microsoft.com/api/stac/v1/collections/3dep-lidar-hag			data, thumbnail
USGS 3DEP Lidar Intensity	3dep-lidar-intensity	3DEP Lidar collection for the Cloud Optimized Geotiffs (COGs) based on the Intensity dimension.	-166.8546920006028, 17.655357747708283, -64.56116757979399, 71.39330810146807	2012-01-01	2022-01-01	3dep-lidar	usgs-3dep-cogs	usgslidareuwest	USGS, 3DEP, COG, Intensity	Landrush, USGS, Microsoft	proprietary	https://planetarycomputer.microsoft.com/api/stac/v1/collections/3dep-lidar-intensity			data, thumbnail
USGS 3DEP Lidar Point Cloud	3dep-lidar-copc	Nationwide Lidar point cloud data in COPC format.	-166.8546920006028, 17.655357747708283, -64.56116757979399, 71.39330810146807	2012-01-01	2022-01-01	3dep-lidar	usgs-3dep-copc	usgslidareuwest	USGS, 3DEP, COG, Point cloud	Landrush, USGS, Microsoft	proprietary	https://planetarycomputer.microsoft.com/api/stac/v1/collections/3dep-lidar-copc			data, thumbnail
USGS 3DEP Lidar Point Source	3dep-lidar-pointsourceid	3DEP Lidar collection for Cloud Optimized Geotiffs (COGs) using PDAL's PointSourceId dimension.	-166.8546920006028, 17.655357747708283, -64.56116757979399, 71.39330810146807	2012-01-01	2022-01-01	3dep-lidar	usgs-3dep-cogs	usgslidareuwest	USGS, 3DEP, COG, PointSourceId	Landrush, USGS, Microsoft	proprietary	https://planetarycomputer.microsoft.com/api/stac/v1/collections/3dep-lidar-pointsourceid			data, thumbnail
USGS 3DEP Lidar Returns	3dep-lidar-returns	3DEP Lidar collection for the Cloud Optimized Geotiffs (COGs) based on the ReturnNumber dimension.	-166.8546920006028, 17.655357747708283, -64.56116757979399, 71.39330810146807	2012-01-01	2022-01-01	3dep-lidar	usgs-3dep-cogs	usgslidareuwest	USGS, 3DEP, COG, NumberOfReturns	Landrush, USGS, Microsoft	proprietary	https://planetarycomputer.microsoft.com/api/stac/v1/collections/3dep-lidar-returns			data, thumbnail
USGS 3DEP Seamless DEMs	3dep-seamless	U.S.-wide digital elevation data at horizontal resolutions ranging from one to sixty meters	-174.001666666983, -15.00166666667, 164.0016666666, 84.00166666666	1925-01-01	2020-05-06		3dep	ai4edataeuwest	USGS, 3DEP, NED, Elevation, DEM	USGS, Microsoft	PDDL-1.0	https://planetarycomputer.microsoft.com/api/stac/v1/collections/3dep-seamless			data, gpkg, metadata, thumbnail
USGS Gap Land Cover	gap	U.S.-wide land cover information for 2011	-127.9710481801793, 22.797789263564383, -65.26634281147894, 51.64692620669362	1999-01-01	2011-12-31		usgs-gap	ai4edataeuwest	USGS, GAP, LANDFIRE, Land Cover, United States	USGS, Microsoft	proprietary	https://planetarycomputer.microsoft.com/api/stac/v1/collections/gap			data
USGS LCMAP CONUS Collection 1.3	usgs-lcmap-conus-v13	USGS Land Change Monitoring, Assessment, and Projection (LCMAP) Collection 1.3 Science Products for the Conterminous United States.	-129.27732, 21.805095, -63.11843, 52.92172	1985-01-01	2021-12-31	usgs-lcmap	lcmap	landcoverdata	USGS, LCMAP, Land Cover, Land Cover Change, CONUS	United States Geological Survey, Microsoft	proprietary	https://planetarycomputer.microsoft.com/api/stac/v1/collections/usgs-lcmap-conus-v13			dates, lcpri, lcsec, scmag, scmqa, browse, lcachg, sclast, scstab, sctime, lcpconf, lcsconf, lcpri_metadata, lcsec_metadata, scmag_metadata, scmqa_metadata, lcachg_metadata, sclast_metadata, scstab_metadata, sctime_metadata, lcpconf_metadata, lcsconf_metadata
USGS LCMAP Hawaii Collection 1.0	usgs-lcmap-hawaii-v10	USGS Land Change Monitoring, Assessment, and Projection (LCMAP) Collection 1.0 Science Products for Hawaii	-161.27577, 18.505136, -154.058649, 22.624478	2000-01-01	2020-12-31	usgs-lcmap	lcmap	landcoverdata	USGS, LCMAP, Land Cover, Land Cover Change, Hawaii	United States Geological Survey, Microsoft	proprietary	https://planetarycomputer.microsoft.com/api/stac/v1/collections/usgs-lcmap-hawaii-v10			dates, lcpri, lcsec, scmag, scmqa, browse, lcachg, sclast, scstab, sctime, lcpconf, lcsconf, lcpri_metadata, lcsec_metadata, scmag_metadata, scmqa_metadata, lcachg_metadata, sclast_metadata, scstab_metadata, sctime_metadata, lcpconf_metadata, lcsconf_metadata
Urban Innovation Eclipse Sensor Data	eclipse	A network of low-cost air quality sensing network for cities and led by the Urban Innovation Group at Microsoft Research	-87.94011408252348, 41.64454312178303, -87.5241371038952, 42.023038586147585	2021-01-01			eclipse	ai4edataeuwest	Eclipse, PM25, air pollution	Urban Innovation, Microsoft	proprietary	https://planetarycomputer.microsoft.com/api/stac/v1/collections/eclipse			data
